<?xml version="1.0" encoding="UTF-8"?>
<!DOCTYPE plist PUBLIC "-//Apple//DTD PLIST 1.0//EN" "http://www.apple.com/DTDs/PropertyList-1.0.dtd">
<plist version="1.0"> 
<array>
<string>"#"</string>
<string>"microInt"</string>
<string>value="0"</string>
<string>"glotVol"</string>
<string>value="0"</string>
<string>"aspVol"</string>
<string>"0"</string>
<string>"fricVol"</string>
<string>"0"</string>
<string>"fricPos"</string>
<string>"5.5"</string>
<string>"fricCF"</string>
<string>"2500"</string>
<string>"fricBW"</string>
<string>"500"</string>
<string>"r1"</string>
<string>"0.8"</string>
<string>"r2"</string>
<string>"0.89"</string>
<string>"r3"</string>
<string>"0.99"</string>
<string>"r4"</string>
<string>"0.81"</string>
<string>"r5"</string>
<string>"0.76"</string>
<string>"r6"</string>
<string>"1.05"</string>
<string>"r7"</string>
<string>"1.23"</string>
<string>"r8"</string>
<string>"0.01"</string>
<string>"velum"</string>
<string>"0.1"</string>
<string>"^"</string>
<string>"microInt"</string>
<string>"0"</string>
<string>"glotVol"</string>
<string>"0"</string>
<string>"aspVol"</string>
<string>"0"</string>
<string>"fricVol"</string>
<string>"0"</string>
<string>"fricPos"</string>
<string>"5.5"</string>
<string>"fricCF"</string>
<string>"2500"</string>
<string>"fricBW"</string>
<string>"500"</string>
<string>"r1"</string>
<string>"0.8"</string>
<string>"r2"</string>
<string>"0.89"</string>
<string>"r3"</string>
<string>"0.99"</string>
<string>"r4"</string>
<string>"0.81"</string>
<string>"r5"</string>
<string>"0.76"</string>
<string>"r6"</string>
<string>"1.05"</string>
<string>"r7"</string>
<string>"1.23"</string>
<string>"r8"</string>
<string>"0.01"</string>
<string>"velum"</string>
<string>"0.1"</string>
<string>"a"</string>
<string>"microInt"</string>
<string>"0"</string>
<string>"glotVol"</string>
<string>"60"</string>
<string>"aspVol"</string>
<string>"0"</string>
<string>"fricVol"</string>
<string>"0"</string>
<string>"fricPos"</string>
<string>"5.5"</string>
<string>"fricCF"</string>
<string>"2500"</string>
<string>"fricBW"</string>
<string>"500"</string>
<string>"r1"</string>
<string>"0.8"</string>
<string>"r2"</string>
<string>"0.65"</string>
<string>"r3"</string>
<string>"0.65"</string>
<string>"r4"</string>
<string>"0.65"</string>
<string>"r5"</string>
<string>"1.31"</string>
<string>"r6"</string>
<string>"1.23"</string>
<string>"r7"</string>
<string>"1.31"</string>
<string>"r8"</string>
<string>"1.67"</string>
<string>"velum"</string>
<string>"0.1"</string>
<string>"aa"</string>
<string>"microInt"</string>
<string>"0"</string>
<string>"glotVol"</string>
<string>"60"</string>
<string>"aspVol"</string>
<string>"0"</string>
<string>"fricVol"</string>
<string>"0"</string>
<string>"fricPos"</string>
<string>"5.5"</string>
<string>"fricCF"</string>
<string>"2500"</string>
<string>"fricBW"</string>
<string>"500"</string>
<string>"r1"</string>
<string>"0.8"</string>
<string>"r2"</string>
<string>"0.65"</string>
<string>"r3"</string>
<string>"0.84"</string>
<string>"r4"</string>
<string>"1.15"</string>
<string>"r5"</string>
<string>"1.31"</string>
<string>"r6"</string>
<string>"1.59"</string>
<string>"r7"</string>
<string>"1.59"</string>
<string>"r8"</string>
<string>"2.61"</string>
<string>"velum"</string>
<string>"0.1"</string>
<string>"ah"</string>
<string>"microInt"</string>
<string>"0"</string>
<string>"glotVol"</string>
<string>"60"</string>
<string>"aspVol"</string>
<string>"0"</string>
<string>"fricVol"</string>
<string>"0"</string>
<string>"fricPos"</string>
<string>"5.5"</string>
<string>"fricCF"</string>
<string>"2500"</string>
<string>"fricBW"</string>
<string>"500"</string>
<string>"r1"</string>
<string>"0.8"</string>
<string>"r2"</string>
<string>"0.65"</string>
<string>"r3"</string>
<string>"0.45"</string>
<string>"r4"</string>
<string>"0.94"</string>
<string>"r5"</string>
<string>"1.1"</string>
<string>"r6"</string>
<string>"1.52"</string>
<string>"r7"</string>
<string>"1.46"</string>
<string>"r8"</string>
<string>"2.45"</string>
<string>"velum"</string>
<string>"0.1"</string>
<string>"an"</string>
<string>"microInt"</string>
<string>"0"</string>
<string>"glotVol"</string>
<string>"60"</string>
<string>"aspVol"</string>
<string>"0"</string>
<string>"fricVol"</string>
<string>"0"</string>
<string>"fricPos"</string>
<string>"5.5"</string>
<string>"fricCF"</string>
<string>"2500"</string>
<string>"fricBW"</string>
<string>"500"</string>
<string>"r1"</string>
<string>"0.8"</string>
<string>"r2"</string>
<string>"0.52"</string>
<string>"r3"</string>
<string>"0.45"</string>
<string>"r4"</string>
<string>"0.79"</string>
<string>"r5"</string>
<string>"1.49"</string>
<string>"r6"</string>
<string>"1.67"</string>
<string>"r7"</string>
<string>"1.02"</string>
<string>"r8"</string>
<string>"1.59"</string>
<string>"velum"</string>
<string>"1.5"</string>
<string>"ar"</string>
<string>"microInt"</string>
<string>"0"</string>
<string>"glotVol"</string>
<string>"60"</string>
<string>"aspVol"</string>
<string>"0"</string>
<string>"fricVol"</string>
<string>"0"</string>
<string>"fricPos"</string>
<string>"5.5"</string>
<string>"fricCF"</string>
<string>"2500"</string>
<string>"fricBW"</string>
<string>"500"</string>
<string>"r1"</string>
<string>"0.8"</string>
<string>"r2"</string>
<string>"0.52"</string>
<string>"r3"</string>
<string>"0.45"</string>
<string>"r4"</string>
<string>"0.79"</string>
<string>"r5"</string>
<string>"1.49"</string>
<string>"r6"</string>
<string>"1.67"</string>
<string>"r7"</string>
<string>"1.02"</string>
<string>"r8"</string>
<string>"1.59"</string>
<string>"velum"</string>
<string>"0.1"</string>
<string>"aw"</string>
<string>"microInt"</string>
<string>"0"</string>
<string>"glotVol"</string>
<string>"60"</string>
<string>"aspVol"</string>
<string>"0"</string>
<string>"fricVol"</string>
<string>"0"</string>
<string>"fricPos"</string>
<string>"5.5"</string>
<string>"fricCF"</string>
<string>"2500"</string>
<string>"fricBW"</string>
<string>"500"</string>
<string>"r1"</string>
<string>"0.8"</string>
<string>"r2"</string>
<string>"1.1"</string>
<string>"r3"</string>
<string>"0.94"</string>
<string>"r4"</string>
<string>"0.42"</string>
<string>"r5"</string>
<string>"1.49"</string>
<string>"r6"</string>
<string>"1.67"</string>
<string>"r7"</string>
<string>"1.78"</string>
<string>"r8"</string>
<string>"1.05"</string>
<string>"velum"</string>
<string>"0.1"</string>
<string>"b"</string>
<string>"microInt"</string>
<string>"-2"</string>
<string>"glotVol"</string>
<string>"43.5"</string>
<string>"aspVol"</string>
<string>"0"</string>
<string>"fricVol"</string>
<string>"0"</string>
<string>"fricPos"</string>
<string>"7"</string>
<string>"fricCF"</string>
<string>"2000"</string>
<string>"fricBW"</string>
<string>"700"</string>
<string>"r1"</string>
<string>"0.8"</string>
<string>"r2"</string>
<string>"0.89"</string>
<string>"r3"</string>
<string>"0.76"</string>
<string>"r4"</string>
<string>"1.28"</string>
<string>"r5"</string>
<string>"1.8"</string>
<string>"r6"</string>
<string>"0.99"</string>
<string>"r7"</string>
<string>"0.84"</string>
<string>"r8"</string>
<string>"0.1"</string>
<string>"velum"</string>
<string>"0.1"</string>
<string>"bx"</string>
<string>"microInt"</string>
<string>"-2"</string>
<string>"glotVol"</string>
<string>"43.5"</string>
<string>"aspVol"</string>
<string>"0"</string>
<string>"fricVol"</string>
<string>"0"</string>
<string>"fricPos"</string>
<string>"7"</string>
<string>"fricCF"</string>
<string>"2000"</string>
<string>"fricBW"</string>
<string>"700"</string>
<string>"r1"</string>
<string>"0.8"</string>
<string>"r2"</string>
<string>"0.89"</string>
<string>"r3"</string>
<string>"0.76"</string>
<string>"r4"</string>
<string>"1.28"</string>
<string>"r5"</string>
<string>"1.8"</string>
<string>"r6"</string>
<string>"0.99"</string>
<string>"r7"</string>
<string>"0.84"</string>
<string>"r8"</string>
<string>"0.1"</string>
<string>"velum"</string>
<string>"0.1"</string>
<string>"ch"</string>
<string>"microInt"</string>
<string>"-2"</string>
<string>"glotVol"</string>
<string>"0"</string>
<string>"aspVol"</string>
<string>"0"</string>
<string>"fricVol"</string>
<string>"0"</string>
<string>"fricPos"</string>
<string>"5.6"</string>
<string>"fricCF"</string>
<string>"2500"</string>
<string>"fricBW"</string>
<string>"2600"</string>
<string>"r1"</string>
<string>"0.8"</string>
<string>"r2"</string>
<string>"1.36"</string>
<string>"r3"</string>
<string>"1.74"</string>
<string>"r4"</string>
<string>"1.87"</string>
<string>"r5"</string>
<string>"0.94"</string>
<string>"r6"</string>
<string>"0"</string>
<string>"r7"</string>
<string>"0.79"</string>
<string>"r8"</string>
<string>"0.79"</string>
<string>"velum"</string>
<string>"0.1"</string>
<string>"d"</string>
<string>"microInt"</string>
<string>"-2"</string>
<string>"glotVol"</string>
<string>"43.5"</string>
<string>"aspVol"</string>
<string>"0"</string>
<string>"fricVol"</string>
<string>"0"</string>
<string>"fricPos"</string>
<string>"6.7"</string>
<string>"fricCF"</string>
<string>"4500"</string>
<string>"fricBW"</string>
<string>"2000"</string>
<string>"r1"</string>
<string>"0.8"</string>
<string>"r2"</string>
<string>"1.31"</string>
<string>"r3"</string>
<string>"1.49"</string>
<string>"r4"</string>
<string>"1.25"</string>
<string>"r5"</string>
<string>"0.76"</string>
<string>"r6"</string>
<string>"0.1"</string>
<string>"r7"</string>
<string>"1.44"</string>
<string>"r8"</string>
<string>"1.3"</string>
<string>"velum"</string>
<string>"0.1"</string>
<string>"dh"</string>
<string>"microInt"</string>
<string>"-1"</string>
<string>"glotVol"</string>
<string>"54"</string>
<string>"aspVol"</string>
<string>"0"</string>
<string>"fricVol"</string>
<string>"0.25"</string>
<string>"fricPos"</string>
<string>"6"</string>
<string>"fricCF"</string>
<string>"4400"</string>
<string>"fricBW"</string>
<string>"4500"</string>
<string>"r1"</string>
<string>"0.8"</string>
<string>"r2"</string>
<string>"1.2"</string>
<string>"r3"</string>
<string>"1.5"</string>
<string>"r4"</string>
<string>"1.35"</string>
<string>"r5"</string>
<string>"1.2"</string>
<string>"r6"</string>
<string>"1.2"</string>
<string>"r7"</string>
<string>"0.4"</string>
<string>"r8"</string>
<string>"1"</string>
<string>"velum"</string>
<string>"0.1"</string>
<string>"dx"</string>
<string>"microInt"</string>
<string>"-2"</string>
<string>"glotVol"</string>
<string>"43.5"</string>
<string>"aspVol"</string>
<string>"0"</string>
<string>"fricVol"</string>
<string>"0"</string>
<string>"fricPos"</string>
<string>"6.7"</string>
<string>"fricCF"</string>
<string>"4500"</string>
<string>"fricBW"</string>
<string>"2000"</string>
<string>"r1"</string>
<string>"0.8"</string>
<string>"r2"</string>
<string>"1.31"</string>
<string>"r3"</string>
<string>"1.49"</string>
<string>"r4"</string>
<string>"1.25"</string>
<string>"r5"</string>
<string>"0.76"</string>
<string>"r6"</string>
<string>"0.1"</string>
<string>"r7"</string>
<string>"1.44"</string>
<string>"r8"</string>
<string>"1.31"</string>
<string>"velum"</string>
<string>"0.1"</string>
<string>"e"</string>
<string>"microInt"</string>
<string>"0"</string>
<string>"glotVol"</string>
<string>"60"</string>
<string>"aspVol"</string>
<string>"0"</string>
<string>"fricVol"</string>
<string>"0"</string>
<string>"fricPos"</string>
<string>"5.5"</string>
<string>"fricCF"</string>
<string>"2500"</string>
<string>"fricBW"</string>
<string>"500"</string>
<string>"r1"</string>
<string>"0.8"</string>
<string>"r2"</string>
<string>"0.68"</string>
<string>"r3"</string>
<string>"1.12"</string>
<string>"r4"</string>
<string>"1.695"</string>
<string>"r5"</string>
<string>"1.385"</string>
<string>"r6"</string>
<string>"1.07"</string>
<string>"r7"</string>
<string>"1.045"</string>
<string>"r8"</string>
<string>"2.06"</string>
<string>"velum"</string>
<string>"0.1"</string>
<string>"ee"</string>
<string>"microInt"</string>
<string>"0"</string>
<string>"glotVol"</string>
<string>"60"</string>
<string>"aspVol"</string>
<string>"0"</string>
<string>"fricVol"</string>
<string>"0"</string>
<string>"fricPos"</string>
<string>"5.5"</string>
<string>"fricCF"</string>
<string>"2500"</string>
<string>"fricBW"</string>
<string>"500"</string>
<string>"r1"</string>
<string>"0.8"</string>
<string>"r2"</string>
<string>"1.67"</string>
<string>"r3"</string>
<string>"1.905"</string>
<string>"r4"</string>
<string>"1.985"</string>
<string>"r5"</string>
<string>"0.81"</string>
<string>"r6"</string>
<string>"0.495"</string>
<string>"r7"</string>
<string>"0.73"</string>
<string>"r8"</string>
<string>"1.485"</string>
<string>"velum"</string>
<string>"0.1"</string>
<string>"er"</string>
<string>"microInt"</string>
<string>"0"</string>
<string>"glotVol"</string>
<string>"60"</string>
<string>"aspVol"</string>
<string>"0"</string>
<string>"fricVol"</string>
<string>"0"</string>
<string>"fricPos"</string>
<string>"5.5"</string>
<string>"fricCF"</string>
<string>"2500"</string>
<string>"fricBW"</string>
<string>"500"</string>
<string>"r1"</string>
<string>"0.8"</string>
<string>"r2"</string>
<string>"0.885"</string>
<string>"r3"</string>
<string>"0.99"</string>
<string>"r4"</string>
<string>"0.81"</string>
<string>"r5"</string>
<string>"0.755"</string>
<string>"r6"</string>
<string>"1.045"</string>
<string>"r7"</string>
<string>"1.225"</string>
<string>"r8"</string>
<string>"1.12"</string>
<string>"velum"</string>
<string>"0.1"</string>
<string>"f"</string>
<string>"microInt"</string>
<string>"-1"</string>
<string>"glotVol"</string>
<string>"0"</string>
<string>"aspVol"</string>
<string>"0"</string>
<string>"fricVol"</string>
<string>"0.5"</string>
<string>"fricPos"</string>
<string>"7"</string>
<string>"fricCF"</string>
<string>"3300"</string>
<string>"fricBW"</string>
<string>"1000"</string>
<string>"r1"</string>
<string>"0.8"</string>
<string>"r2"</string>
<string>"0.89"</string>
<string>"r3"</string>
<string>"0.99"</string>
<string>"r4"</string>
<string>"0.81"</string>
<string>"r5"</string>
<string>"0.76"</string>
<string>"r6"</string>
<string>"0.89"</string>
<string>"r7"</string>
<string>"0.84"</string>
<string>"r8"</string>
<string>"0.5"</string>
<string>"velum"</string>
<string>"0.1"</string>
<string>"g"</string>
<string>"microInt"</string>
<string>"-2"</string>
<string>"glotVol"</string>
<string>"43.5"</string>
<string>"aspVol"</string>
<string>"0"</string>
<string>"fricVol"</string>
<string>"0"</string>
<string>"fricPos"</string>
<string>"4.7"</string>
<string>"fricCF"</string>
<string>"2000"</string>
<string>"fricBW"</string>
<string>"2000"</string>
<string>"r1"</string>
<string>"0.8"</string>
<string>"r2"</string>
<string>"1.7"</string>
<string>"r3"</string>
<string>"1.3"</string>
<string>"r4"</string>
<string>"0.99"</string>
<string>"r5"</string>
<string>"0.1"</string>
<string>"r6"</string>
<string>"1.07"</string>
<string>"r7"</string>
<string>"0.73"</string>
<string>"r8"</string>
<string>"1.49"</string>
<string>"velum"</string>
<string>"0.1"</string>
<string>"gs"</string>
<string>"microInt"</string>
<string>"0"</string>
<string>"glotVol"</string>
<string>"0"</string>
<string>"aspVol"</string>
<string>"0"</string>
<string>"fricVol"</string>
<string>"0"</string>
<string>"fricPos"</string>
<string>"5.5"</string>
<string>"fricCF"</string>
<string>"2500"</string>
<string>"fricBW"</string>
<string>"500"</string>
<string>"r1"</string>
<string>"0.8"</string>
<string>"r2"</string>
<string>"0.8"</string>
<string>"r3"</string>
<string>"0.8"</string>
<string>"r4"</string>
<string>"0.8"</string>
<string>"r5"</string>
<string>"0.8"</string>
<string>"r6"</string>
<string>"0.8"</string>
<string>"r7"</string>
<string>"0.8"</string>
<string>"r8"</string>
<string>"0.8"</string>
<string>"velum"</string>
<string>"0.1"</string>
<string>"h"</string>
<string>"microInt"</string>
<string>"0"</string>
<string>"glotVol"</string>
<string>"0"</string>
<string>"aspVol"</string>
<string>"10.0"</string>
<string>"fricVol"</string>
<string>"0"</string>
<string>"fricPos"</string>
<string>"5.5"</string>
<string>"fricCF"</string>
<string>"2500"</string>
<string>"fricBW"</string>
<string>"500"</string>
<string>"r1"</string>
<string>"0.8"</string>
<string>"r2"</string>
<string>"0.8"</string>
<string>"r3"</string>
<string>"0.8"</string>
<string>"r4"</string>
<string>"0.8"</string>
<string>"r5"</string>
<string>"0.8"</string>
<string>"r6"</string>
<string>"0.8"</string>
<string>"r7"</string>
<string>"0.8"</string>
<string>"r8"</string>
<string>"0.8"</string>
<string>"velum"</string>
<string>"0.1"</string>
<string>"hh"</string>
<string>"microInt"</string>
<string>"0"</string>
<string>"glotVol"</string>
<string>"0"</string>
<string>"aspVol"</string>
<string>"10"</string>
<string>"fricVol"</string>
<string>"0"</string>
<string>"fricPos"</string>
<string>"1"</string>
<string>"fricCF"</string>
<string>"1000"</string>
<string>"fricBW"</string>
<string>"1000"</string>
<string>"r1"</string>
<string>"0.8"</string>
<string>"r2"</string>
<string>"0.24"</string>
<string>"r3"</string>
<string>"0.4"</string>
<string>"r4"</string>
<string>"0.81"</string>
<string>"r5"</string>
<string>"0.76"</string>
<string>"r6"</string>
<string>"1.05"</string>
<string>"r7"</string>
<string>"1.23"</string>
<string>"r8"</string>
<string>"1.12"</string>
<string>"velum"</string>
<string>"0.1"</string>
<string>"hv"</string>
<string>"microInt"</string>
<string>"0"</string>
<string>"glotVol"</string>
<string>"42"</string>
<string>"aspVol"</string>
<string>"10"</string>
<string>"fricVol"</string>
<string>"0"</string>
<string>"fricPos"</string>
<string>"5.5"</string>
<string>"fricCF"</string>
<string>"2500"</string>
<string>"fricBW"</string>
<string>"500"</string>
<string>"r1"</string>
<string>"0.8"</string>
<string>"r2"</string>
<string>"0.8"</string>
<string>"r3"</string>
<string>"0.8"</string>
<string>"r4"</string>
<string>"0.8"</string>
<string>"r5"</string>
<string>"0.8"</string>
<string>"r6"</string>
<string>"0.8"</string>
<string>"r7"</string>
<string>"0.8"</string>
<string>"r8"</string>
<string>"0.8"</string>
<string>"velum"</string>
<string>"0.1"</string>
<string>"i"</string>
<string>"microInt"</string>
<string>"0"</string>
<string>"glotVol"</string>
<string>"60"</string>
<string>"aspVol"</string>
<string>"0"</string>
<string>"fricVol"</string>
<string>"0"</string>
<string>"fricPos"</string>
<string>"5.5"</string>
<string>"fricCF"</string>
<string>"2500"</string>
<string>"fricBW"</string>
<string>"500"</string>
<string>"r1"</string>
<string>"0.8"</string>
<string>"r2"</string>
<string>"1.045"</string>
<string>"r3"</string>
<string>"1.565"</string>
<string>"r4"</string>
<string>"1.75"</string>
<string>"r5"</string>
<string>"0.94"</string>
<string>"r6"</string>
<string>"0.68"</string>
<string>"r7"</string>
<string>"0.785"</string>
<string>"r8"</string>
<string>"1.12"</string>
<string>"velum"</string>
<string>"0.1"</string>
<string>"in"</string>
<string>"microInt"</string>
<string>"0"</string>
<string>"glotVol"</string>
<string>"60"</string>
<string>"aspVol"</string>
<string>"0"</string>
<string>"fricVol"</string>
<string>"0"</string>
<string>"fricPos"</string>
<string>"5.5"</string>
<string>"fricCF"</string>
<string>"2500"</string>
<string>"fricBW"</string>
<string>"500"</string>
<string>"r1"</string>
<string>"0.8"</string>
<string>"r2"</string>
<string>"0.65"</string>
<string>"r3"</string>
<string>"0.835"</string>
<string>"r4"</string>
<string>"1.15"</string>
<string>"r5"</string>
<string>"1.305"</string>
<string>"r6"</string>
<string>"1.59"</string>
<string>"r7"</string>
<string>"1.59"</string>
<string>"r8"</string>
<string>"2.61"</string>
<string>"velum"</string>
<string>"1.5"</string>
<string>"j"</string>
<string>"microInt"</string>
<string>"-2"</string>
<string>"glotVol"</string>
<string>"48"</string>
<string>"aspVol"</string>
<string>"0"</string>
<string>"fricVol"</string>
<string>"0"</string>
<string>"fricPos"</string>
<string>"5.6"</string>
<string>"fricCF"</string>
<string>"2500"</string>
<string>"fricBW"</string>
<string>"2600"</string>
<string>"r1"</string>
<string>"0.8"</string>
<string>"r2"</string>
<string>"1.36"</string>
<string>"r3"</string>
<string>"1.74"</string>
<string>"r4"</string>
<string>"1.87"</string>
<string>"r5"</string>
<string>"0.94"</string>
<string>"r6"</string>
<string>"0"</string>
<string>"r7"</string>
<string>"0.79"</string>
<string>"r8"</string>
<string>"0.79"</string>
<string>"velum"</string>
<string>"0.1"</string>
<string>"k"</string>
<string>"microInt"</string>
<string>"-10"</string>
<string>"glotVol"</string>
<string>"0"</string>
<string>"aspVol"</string>
<string>"0"</string>
<string>"fricVol"</string>
<string>"0"</string>
<string>"fricPos"</string>
<string>"4.7"</string>
<string>"fricCF"</string>
<string>"2000"</string>
<string>"fricBW"</string>
<string>"2000"</string>
<string>"r1"</string>
<string>"0.8"</string>
<string>"r2"</string>
<string>"1.7"</string>
<string>"r3"</string>
<string>"1.3"</string>
<string>"r4"</string>
<string>"0.99"</string>
<string>"r5"</string>
<string>"0.1"</string>
<string>"r6"</string>
<string>"1.07"</string>
<string>"r7"</string>
<string>"0.73"</string>
<string>"r8"</string>
<string>"1.49"</string>
<string>"velum"</string>
<string>"0.1"</string>
<string>"kx"</string>
<string>"microInt"</string>
<string>"-10"</string>
<string>"glotVol"</string>
<string>"0"</string>
<string>"aspVol"</string>
<string>"0"</string>
<string>"fricVol"</string>
<string>"0"</string>
<string>"fricPos"</string>
<string>"4.7"</string>
<string>"fricCF"</string>
<string>"2000"</string>
<string>"fricBW"</string>
<string>"2000"</string>
<string>"r1"</string>
<string>"0.8"</string>
<string>"r2"</string>
<string>"1.7"</string>
<string>"r3"</string>
<string>"1.3"</string>
<string>"r4"</string>
<string>"0.99"</string>
<string>"r5"</string>
<string>"0.1"</string>
<string>"r6"</string>
<string>"1.07"</string>
<string>"r7"</string>
<string>"0.73"</string>
<string>"r8"</string>
<string>"1.49"</string>
<string>"velum"</string>
<string>"0.1"</string>
<string>"l"</string>
<string>"microInt"</string>
<string>"0"</string>
<string>"glotVol"</string>
<string>"60"</string>
<string>"aspVol"</string>
<string>"0"</string>
<string>"fricVol"</string>
<string>"0"</string>
<string>"fricPos"</string>
<string>"5.5"</string>
<string>"fricCF"</string>
<string>"2500"</string>
<string>"fricBW"</string>
<string>"500"</string>
<string>"r1"</string>
<string>"0.8"</string>
<string>"r2"</string>
<string>"0.89"</string>
<string>"r3"</string>
<string>"1.1"</string>
<string>"r4"</string>
<string>"0.97"</string>
<string>"r5"</string>
<string>"0.89"</string>
<string>"r6"</string>
<string>"0.34"</string>
<string>"r7"</string>
<string>"0.29"</string>
<string>"r8"</string>
<string>"1.12"</string>
<string>"velum"</string>
<string>"0.1"</string>
<string>"ll"</string>
<string>"microInt"</string>
<string>"0"</string>
<string>"glotVol"</string>
<string>"60"</string>
<string>"aspVol"</string>
<string>"0"</string>
<string>"fricVol"</string>
<string>"0"</string>
<string>"fricPos"</string>
<string>"5.5"</string>
<string>"fricCF"</string>
<string>"2500"</string>
<string>"fricBW"</string>
<string>"500"</string>
<string>"r1"</string>
<string>"0.8"</string>
<string>"r2"</string>
<string>"0.63"</string>
<string>"r3"</string>
<string>"0.47"</string>
<string>"r4"</string>
<string>"0.65"</string>
<string>"r5"</string>
<string>"1.54"</string>
<string>"r6"</string>
<string>"0.45"</string>
<string>"r7"</string>
<string>"0.26"</string>
<string>"r8"</string>
<string>"1.05"</string>
<string>"velum"</string>
<string>"0.1"</string>
<string>"ls"</string>
<string>"microInt"</string>
<string>"0"</string>
<string>"glotVol"</string>
<string>"60"</string>
<string>"aspVol"</string>
<string>"0"</string>
<string>"fricVol"</string>
<string>"0"</string>
<string>"fricPos"</string>
<string>"5.5"</string>
<string>"fricCF"</string>
<string>"2500"</string>
<string>"fricBW"</string>
<string>"500"</string>
<string>"r1"</string>
<string>"0.8"</string>
<string>"r2"</string>
<string>"0.63"</string>
<string>"r3"</string>
<string>"0.47"</string>
<string>"r4"</string>
<string>"0.65"</string>
<string>"r5"</string>
<string>"1.54"</string>
<string>"r6"</string>
<string>"0.45"</string>
<string>"r7"</string>
<string>"0.26"</string>
<string>"r8"</string>
<string>"1.05"</string>
<string>"velum"</string>
<string>"0.1"</string>
<string>"m"</string>
<string>"microInt"</string>
<string>"0"</string>
<string>"glotVol"</string>
<string>"60"</string>
<string>"aspVol"</string>
<string>"0"</string>
<string>"fricVol"</string>
<string>"0"</string>
<string>"fricPos"</string>
<string>"5.5"</string>
<string>"fricCF"</string>
<string>"2500"</string>
<string>"fricBW"</string>
<string>"500"</string>
<string>"r1"</string>
<string>"0.8"</string>
<string>"r2"</string>
<string>"0.89"</string>
<string>"r3"</string>
<string>"0.76"</string>
<string>"r4"</string>
<string>"1.28"</string>
<string>"r5"</string>
<string>"1.8"</string>
<string>"r6"</string>
<string>"0.99"</string>
<string>"r7"</string>
<string>"0.84"</string>
<string>"r8"</string>
<string>"0.1"</string>
<string>"velum"</string>
<string>"0.5"</string>
<string>"n"</string>
<string>"microInt"</string>
<string>"0"</string>
<string>"glotVol"</string>
<string>"60"</string>
<string>"aspVol"</string>
<string>"0"</string>
<string>"fricVol"</string>
<string>"0"</string>
<string>"fricPos"</string>
<string>"5.5"</string>
<string>"fricCF"</string>
<string>"2500"</string>
<string>"fricBW"</string>
<string>"500"</string>
<string>"r1"</string>
<string>"0.8"</string>
<string>"r2"</string>
<string>"1.31"</string>
<string>"r3"</string>
<string>"1.49"</string>
<string>"r4"</string>
<string>"1.25"</string>
<string>"r5"</string>
<string>"1"</string>
<string>"r6"</string>
<string>"0.05"</string>
<string>"r7"</string>
<string>"1.44"</string>
<string>"r8"</string>
<string>"1.31"</string>
<string>"velum"</string>
<string>"0.5"</string>
<string>"ng"</string>
<string>"microInt"</string>
<string>"0"</string>
<string>"glotVol"</string>
<string>"60"</string>
<string>"aspVol"</string>
<string>"0"</string>
<string>"fricVol"</string>
<string>"0"</string>
<string>"fricPos"</string>
<string>"5.5"</string>
<string>"fricCF"</string>
<string>"2500"</string>
<string>"fricBW"</string>
<string>"500"</string>
<string>"r1"</string>
<string>"0.8"</string>
<string>"r2"</string>
<string>"1.7"</string>
<string>"r3"</string>
<string>"1.3"</string>
<string>"r4"</string>
<string>"0.99"</string>
<string>"r5"</string>
<string>"0.1"</string>
<string>"r6"</string>
<string>"1.07"</string>
<string>"r7"</string>
<string>"0.73"</string>
<string>"r8"</string>
<string>"1.49"</string>
<string>"velum"</string>
<string>"0.5"</string>
<string>"o"</string>
<string>"microInt"</string>
<string>"0"</string>
<string>"glotVol"</string>
<string>"60"</string>
<string>"aspVol"</string>
<string>"0"</string>
<string>"fricVol"</string>
<string>"0"</string>
<string>"fricPos"</string>
<string>"5.5"</string>
<string>"fricCF"</string>
<string>"2500"</string>
<string>"fricBW"</string>
<string>"500"</string>
<string>"r1"</string>
<string>"0.8"</string>
<string>"r2"</string>
<string>"1"</string>
<string>"r3"</string>
<string>"0.925"</string>
<string>"r4"</string>
<string>"0.6"</string>
<string>"r5"</string>
<string>"1.27"</string>
<string>"r6"</string>
<string>"1.83"</string>
<string>"r7"</string>
<string>"1.97"</string>
<string>"r8"</string>
<string>"1.12"</string>
<string>"velum"</string>
<string>"0.1"</string>
<string>"oh"</string>
<string>"microInt"</string>
<string>"0"</string>
<string>"glotVol"</string>
<string>"0"</string>
<string>"aspVol"</string>
<string>"0"</string>
<string>"fricVol"</string>
<string>"0"</string>
<string>"fricPos"</string>
<string>"5.5"</string>
<string>"fricCF"</string>
<string>"2500"</string>
<string>"fricBW"</string>
<string>"500"</string>
<string>"r1"</string>
<string>"0.8"</string>
<string>"r2"</string>
<string>"0.885"</string>
<string>"r3"</string>
<string>"0.99"</string>
<string>"r4"</string>
<string>"0.81"</string>
<string>"r5"</string>
<string>"0.755"</string>
<string>"r6"</string>
<string>"1.045"</string>
<string>"r7"</string>
<string>"1.225"</string>
<string>"r8"</string>
<string>"1.12"</string>
<string>"velum"</string>
<string>"0.1"</string>
<string>"on"</string>
<string>"microInt"</string>
<string>"0"</string>
<string>"glotVol"</string>
<string>"60"</string>
<string>"aspVol"</string>
<string>"0"</string>
<string>"fricVol"</string>
<string>"0"</string>
<string>"fricPos"</string>
<string>"5.5"</string>
<string>"fricCF"</string>
<string>"2500"</string>
<string>"fricBW"</string>
<string>"500"</string>
<string>"r1"</string>
<string>"0.8"</string>
<string>"r2"</string>
<string>"1"</string>
<string>"r3"</string>
<string>"0.925"</string>
<string>"r4"</string>
<string>"0.6"</string>
<string>"r5"</string>
<string>"1.265"</string>
<string>"r6"</string>
<string>"1.83"</string>
<string>"r7"</string>
<string>"1.965"</string>
<string>"r8"</string>
<string>"1.12"</string>
<string>"velum"</string>
<string>"1.5"</string>
<string>"ov"</string>
<string>"microInt"</string>
<string>"0"</string>
<string>"glotVol"</string>
<string>"60"</string>
<string>"aspVol"</string>
<string>"0"</string>
<string>"fricVol"</string>
<string>"0"</string>
<string>"fricPos"</string>
<string>"5.5"</string>
<string>"fricCF"</string>
<string>"2500"</string>
<string>"fricBW"</string>
<string>"500"</string>
<string>"r1"</string>
<string>"0.8"</string>
<string>"r2"</string>
<string>"0.885"</string>
<string>"r3"</string>
<string>"0.99"</string>
<string>"r4"</string>
<string>"0.81"</string>
<string>"r5"</string>
<string>"0.755"</string>
<string>"r6"</string>
<string>"1.045"</string>
<string>"r7"</string>
<string>"1.225"</string>
<string>"r8"</string>
<string>"1.12"</string>
<string>"velum"</string>
<string>"0.1"</string>
<string>"p"</string>
<string>"microInt"</string>
<string>"-10"</string>
<string>"glotVol"</string>
<string>"0"</string>
<string>"aspVol"</string>
<string>"0"</string>
<string>"fricVol"</string>
<string>"0"</string>
<string>"fricPos"</string>
<string>"7"</string>
<string>"fricCF"</string>
<string>"2000"</string>
<string>"fricBW"</string>
<string>"700"</string>
<string>"r1"</string>
<string>"0.8"</string>
<string>"r2"</string>
<string>"0.89"</string>
<string>"r3"</string>
<string>"0.76"</string>
<string>"r4"</string>
<string>"1.28"</string>
<string>"r5"</string>
<string>"1.8"</string>
<string>"r6"</string>
<string>"0.99"</string>
<string>"r7"</string>
<string>"0.84"</string>
<string>"r8"</string>
<string>"0.1"</string>
<string>"velum"</string>
<string>"0.1"</string>
<string>"ph"</string>
<string>"microInt"</string>
<string>"-1"</string>
<string>"glotVol"</string>
<string>"0"</string>
<string>"aspVol"</string>
<string>"0"</string>
<string>"fricVol"</string>
<string>"24"</string>
<string>"fricPos"</string>
<string>"7"</string>
<string>"fricCF"</string>
<string>"864"</string>
<string>"fricBW"</string>
<string>"3587"</string>
<string>"r1"</string>
<string>"0.8"</string>
<string>"r2"</string>
<string>"0.89"</string>
<string>"r3"</string>
<string>"0.99"</string>
<string>"r4"</string>
<string>"0.81"</string>
<string>"r5"</string>
<string>"0.6"</string>
<string>"r6"</string>
<string>"0.52"</string>
<string>"r7"</string>
<string>"0.71"</string>
<string>"r8"</string>
<string>"0.24"</string>
<string>"velum"</string>
<string>"0.1"</string>
<string>"px"</string>
<string>"microInt"</string>
<string>"-10"</string>
<string>"glotVol"</string>
<string>"0"</string>
<string>"aspVol"</string>
<string>"0"</string>
<string>"fricVol"</string>
<string>"0"</string>
<string>"fricPos"</string>
<string>"7"</string>
<string>"fricCF"</string>
<string>"2000"</string>
<string>"fricBW"</string>
<string>"700"</string>
<string>"r1"</string>
<string>"0.8"</string>
<string>"r2"</string>
<string>"0.89"</string>
<string>"r3"</string>
<string>"0.76"</string>
<string>"r4"</string>
<string>"1.28"</string>
<string>"r5"</string>
<string>"1.8"</string>
<string>"r6"</string>
<string>"0.99"</string>
<string>"r7"</string>
<string>"0.84"</string>
<string>"r8"</string>
<string>"0.1"</string>
<string>"velum"</string>
<string>"0.1"</string>
<string>"q"</string>
<string>"microInt"</string>
<string>"0"</string>
<string>"glotVol"</string>
<string>"0"</string>
<string>"aspVol"</string>
<string>"0"</string>
<string>"fricVol"</string>
<string>"0"</string>
<string>"fricPos"</string>
<string>"5.5"</string>
<string>"fricCF"</string>
<string>"2500"</string>
<string>"fricBW"</string>
<string>"500"</string>
<string>"r1"</string>
<string>"0.8"</string>
<string>"r2"</string>
<string>"0.89"</string>
<string>"r3"</string>
<string>"0.99"</string>
<string>"r4"</string>
<string>"0.81"</string>
<string>"r5"</string>
<string>"0.76"</string>
<string>"r6"</string>
<string>"1.05"</string>
<string>"r7"</string>
<string>"1.23"</string>
<string>"r8"</string>
<string>"0.01"</string>
<string>"velum"</string>
<string>"0.1"</string>
<string>"qc"</string>
<string>"microInt"</string>
<string>"-2"</string>
<string>"glotVol"</string>
<string>"0"</string>
<string>"aspVol"</string>
<string>"0"</string>
<string>"fricVol"</string>
<string>"0"</string>
<string>"fricPos"</string>
<string>"5.6"</string>
<string>"fricCF"</string>
<string>"2500"</string>
<string>"fricBW"</string>
<string>"2600"</string>
<string>"r1"</string>
<string>"0.8"</string>
<string>"r2"</string>
<string>"1.36"</string>
<string>"r3"</string>
<string>"1.74"</string>
<string>"r4"</string>
<string>"1.87"</string>
<string>"r5"</string>
<string>"0.94"</string>
<string>"r6"</string>
<string>"0.1"</string>
<string>"r7"</string>
<string>"0.79"</string>
<string>"r8"</string>
<string>"0.79"</string>
<string>"velum"</string>
<string>"0.1"</string>
<string>"qk"</string>
<string>"microInt"</string>
<string>"-10"</string>
<string>"glotVol"</string>
<string>"0"</string>
<string>"aspVol"</string>
<string>"0"</string>
<string>"fricVol"</string>
<string>"0"</string>
<string>"fricPos"</string>
<string>"4.7"</string>
<string>"fricCF"</string>
<string>"2000"</string>
<string>"fricBW"</string>
<string>"2000"</string>
<string>"r1"</string>
<string>"0.8"</string>
<string>"r2"</string>
<string>"1.7"</string>
<string>"r3"</string>
<string>"1.3"</string>
<string>"r4"</string>
<string>"0.99"</string>
<string>"r5"</string>
<string>"0.1"</string>
<string>"r6"</string>
<string>"1.07"</string>
<string>"r7"</string>
<string>"0.73"</string>
<string>"r8"</string>
<string>"1.49"</string>
<string>"velum"</string>
<string>"0.1"</string>
<string>"qp"</string>
<string>"microInt"</string>
<string>"-10"</string>
<string>"glotVol"</string>
<string>"0"</string>
<string>"aspVol"</string>
<string>"0"</string>
<string>"fricVol"</string>
<string>"0"</string>
<string>"fricPos"</string>
<string>"7"</string>
<string>"fricCF"</string>
<string>"2000"</string>
<string>"fricBW"</string>
<string>"700"</string>
<string>"r1"</string>
<string>"0.8"</string>
<string>"r2"</string>
<string>"0.89"</string>
<string>"r3"</string>
<string>"0.76"</string>
<string>"r4"</string>
<string>"1.28"</string>
<string>"r5"</string>
<string>"1.8"</string>
<string>"r6"</string>
<string>"0.99"</string>
<string>"r7"</string>
<string>"0.84"</string>
<string>"r8"</string>
<string>"0.1"</string>
<string>"velum"</string>
<string>"0.1"</string>
<string>"qs"</string>
<string>"microInt"</string>
<string>"0"</string>
<string>"glotVol"</string>
<string>"0"</string>
<string>"aspVol"</string>
<string>"0"</string>
<string>"fricVol"</string>
<string>"0"</string>
<string>"fricPos"</string>
<string>"5.8"</string>
<string>"fricCF"</string>
<string>"5500"</string>
<string>"fricBW"</string>
<string>"500"</string>
<string>"r1"</string>
<string>"0.8"</string>
<string>"r2"</string>
<string>"1.31"</string>
<string>"r3"</string>
<string>"1.49"</string>
<string>"r4"</string>
<string>"1.25"</string>
<string>"r5"</string>
<string>"0.9"</string>
<string>"r6"</string>
<string>"0.2"</string>
<string>"r7"</string>
<string>"0.4"</string>
<string>"r8"</string>
<string>"1.31"</string>
<string>"velum"</string>
<string>"0.1"</string>
<string>"qt"</string>
<string>"microInt"</string>
<string>"-10"</string>
<string>"glotVol"</string>
<string>"0"</string>
<string>"aspVol"</string>
<string>"0"</string>
<string>"fricVol"</string>
<string>"0"</string>
<string>"fricPos"</string>
<string>"7"</string>
<string>"fricCF"</string>
<string>"4500"</string>
<string>"fricBW"</string>
<string>"2000"</string>
<string>"r1"</string>
<string>"0.8"</string>
<string>"r2"</string>
<string>"1.31"</string>
<string>"r3"</string>
<string>"1.49"</string>
<string>"r4"</string>
<string>"1.25"</string>
<string>"r5"</string>
<string>"0.76"</string>
<string>"r6"</string>
<string>"0.1"</string>
<string>"r7"</string>
<string>"1.44"</string>
<string>"r8"</string>
<string>"1.31"</string>
<string>"velum"</string>
<string>"0.1"</string>
<string>"qz"</string>
<string>"microInt"</string>
<string>"-1"</string>
<string>"glotVol"</string>
<string>"0"</string>
<string>"aspVol"</string>
<string>"0"</string>
<string>"fricVol"</string>
<string>"0"</string>
<string>"fricPos"</string>
<string>"5.8"</string>
<string>"fricCF"</string>
<string>"5500"</string>
<string>"fricBW"</string>
<string>"500"</string>
<string>"r1"</string>
<string>"0.8"</string>
<string>"r2"</string>
<string>"1.31"</string>
<string>"r3"</string>
<string>"1.49"</string>
<string>"r4"</string>
<string>"1.25"</string>
<string>"r5"</string>
<string>"0.9"</string>
<string>"r6"</string>
<string>"0.2"</string>
<string>"r7"</string>
<string>"0.6"</string>
<string>"r8"</string>
<string>"1.31"</string>
<string>"velum"</string>
<string>"0.1"</string>
<string>"r"</string>
<string>"microInt"</string>
<string>"0"</string>
<string>"glotVol"</string>
<string>"60"</string>
<string>"aspVol"</string>
<string>"0"</string>
<string>"fricVol"</string>
<string>"0"</string>
<string>"fricPos"</string>
<string>"5.5"</string>
<string>"fricCF"</string>
<string>"2500"</string>
<string>"fricBW"</string>
<string>"500"</string>
<string>"r1"</string>
<string>"0.8"</string>
<string>"r2"</string>
<string>"1.31"</string>
<string>"r3"</string>
<string>"0.73"</string>
<string>"r4"</string>
<string>"1.07"</string>
<string>"r5"</string>
<string>"2.12"</string>
<string>"r6"</string>
<string>"0.47"</string>
<string>"r7"</string>
<string>"1.78"</string>
<string>"r8"</string>
<string>"0.65"</string>
<string>"velum"</string>
<string>"0.1"</string>
<string>"rr"</string>
<string>"microInt"</string>
<string>"0"</string>
<string>"glotVol"</string>
<string>"60"</string>
<string>"aspVol"</string>
<string>"0"</string>
<string>"fricVol"</string>
<string>"0"</string>
<string>"fricPos"</string>
<string>"5.5"</string>
<string>"fricCF"</string>
<string>"2500"</string>
<string>"fricBW"</string>
<string>"500"</string>
<string>"r1"</string>
<string>"0.8"</string>
<string>"r2"</string>
<string>"1.31"</string>
<string>"r3"</string>
<string>"0.73"</string>
<string>"r4"</string>
<string>"1.31"</string>
<string>"r5"</string>
<string>"2.12"</string>
<string>"r6"</string>
<string>"0.63"</string>
<string>"r7"</string>
<string>"1.78"</string>
<string>"r8"</string>
<string>"0.65"</string>
<string>"velum"</string>
<string>"0.1"</string>
<string>"s"</string>
<string>"microInt"</string>
<string>"0"</string>
<string>"glotVol"</string>
<string>"0"</string>
<string>"aspVol"</string>
<string>"0"</string>
<string>"fricVol"</string>
<string>"0.8"</string>
<string>"fricPos"</string>
<string>"5.8"</string>
<string>"fricCF"</string>
<string>"5500"</string>
<string>"fricBW"</string>
<string>"500"</string>
<string>"r1"</string>
<string>"0.8"</string>
<string>"r2"</string>
<string>"1.31"</string>
<string>"r3"</string>
<string>"1.49"</string>
<string>"r4"</string>
<string>"1.25"</string>
<string>"r5"</string>
<string>"0.9"</string>
<string>"r6"</string>
<string>"0.2"</string>
<string>"r7"</string>
<string>"0.4"</string>
<string>"r8"</string>
<string>"1.31"</string>
<string>"velum"</string>
<string>"0.1"</string>
<string>"sh"</string>
<string>"microInt"</string>
<string>"0"</string>
<string>"glotVol"</string>
<string>"0"</string>
<string>"aspVol"</string>
<string>"0"</string>
<string>"fricVol"</string>
<string>"0.4"</string>
<string>"fricPos"</string>
<string>"5.6"</string>
<string>"fricCF"</string>
<string>"2500"</string>
<string>"fricBW"</string>
<string>"2600"</string>
<string>"r1"</string>
<string>"0.8"</string>
<string>"r2"</string>
<string>"1.36"</string>
<string>"r3"</string>
<string>"1.74"</string>
<string>"r4"</string>
<string>"1.87"</string>
<string>"r5"</string>
<string>"0.94"</string>
<string>"r6"</string>
<string>"0.37"</string>
<string>"r7"</string>
<string>"0.79"</string>
<string>"r8"</string>
<string>"0.79"</string>
<string>"velum"</string>
<string>"0.1"</string>
<string>"t"</string>
<string>"microInt"</string>
<string>"-10"</string>
<string>"glotVol"</string>
<string>"0"</string>
<string>"aspVol"</string>
<string>"0"</string>
<string>"fricVol"</string>
<string>"0"</string>
<string>"fricPos"</string>
<string>"7"</string>
<string>"fricCF"</string>
<string>"4500"</string>
<string>"fricBW"</string>
<string>"2000"</string>
<string>"r1"</string>
<string>"0.8"</string>
<string>"r2"</string>
<string>"1.31"</string>
<string>"r3"</string>
<string>"1.49"</string>
<string>"r4"</string>
<string>"1.25"</string>
<string>"r5"</string>
<string>"0.76"</string>
<string>"r6"</string>
<string>"0.1"</string>
<string>"r7"</string>
<string>"1.44"</string>
<string>"r8"</string>
<string>"1.31"</string>
<string>"velum"</string>
<string>"0.1"</string>
<string>"th"</string>
<string>"microInt"</string>
<string>"0"</string>
<string>"glotVol"</string>
<string>"0"</string>
<string>"aspVol"</string>
<string>"0"</string>
<string>"fricVol"</string>
<string>"0.25"</string>
<string>"fricPos"</string>
<string>"6"</string>
<string>"fricCF"</string>
<string>"4400"</string>
<string>"fricBW"</string>
<string>"4500"</string>
<string>"r1"</string>
<string>"0.8"</string>
<string>"r2"</string>
<string>"1.2"</string>
<string>"r3"</string>
<string>"1.5"</string>
<string>"r4"</string>
<string>"1.35"</string>
<string>"r5"</string>
<string>"1.2"</string>
<string>"r6"</string>
<string>"1.2"</string>
<string>"r7"</string>
<string>"0.4"</string>
<string>"r8"</string>
<string>"1"</string>
<string>"velum"</string>
<string>"0.1"</string>
<string>"tx"</string>
<string>"microInt"</string>
<string>"-10"</string>
<string>"glotVol"</string>
<string>"0"</string>
<string>"aspVol"</string>
<string>"0"</string>
<string>"fricVol"</string>
<string>"0"</string>
<string>"fricPos"</string>
<string>"6.7"</string>
<string>"fricCF"</string>
<string>"4500"</string>
<string>"fricBW"</string>
<string>"2000"</string>
<string>"r1"</string>
<string>"0.8"</string>
<string>"r2"</string>
<string>"1.31"</string>
<string>"r3"</string>
<string>"1.49"</string>
<string>"r4"</string>
<string>"1.25"</string>
<string>"r5"</string>
<string>"0.76"</string>
<string>"r6"</string>
<string>"0.1"</string>
<string>"r7"</string>
<string>"1.44"</string>
<string>"r8"</string>
<string>"1.31"</string>
<string>"velum"</string>
<string>"0.1"</string>
<string>"u"</string>
<string>"microInt"</string>
<string>"0"</string>
<string>"glotVol"</string>
<string>"60"</string>
<string>"aspVol"</string>
<string>"0"</string>
<string>"fricVol"</string>
<string>"0"</string>
<string>"fricPos"</string>
<string>"5.5"</string>
<string>"fricCF"</string>
<string>"2500"</string>
<string>"fricBW"</string>
<string>"500"</string>
<string>"r1"</string>
<string>"0.8"</string>
<string>"r2"</string>
<string>"0.625"</string>
<string>"r3"</string>
<string>"0.6"</string>
<string>"r4"</string>
<string>"0.705"</string>
<string>"r5"</string>
<string>"1.12"</string>
<string>"r6"</string>
<string>"1.93"</string>
<string>"r7"</string>
<string>"1.515"</string>
<string>"r8"</string>
<string>"0.625"</string>
<string>"velum"</string>
<string>"0.1"</string>
<string>"uh"</string>
<string>"microInt"</string>
<string>"0"</string>
<string>"glotVol"</string>
<string>"60"</string>
<string>"aspVol"</string>
<string>"0"</string>
<string>"fricVol"</string>
<string>"0"</string>
<string>"fricPos"</string>
<string>"5.5"</string>
<string>"fricCF"</string>
<string>"2500"</string>
<string>"fricBW"</string>
<string>"500"</string>
<string>"r1"</string>
<string>"0.8"</string>
<string>"r2"</string>
<string>"0.89"</string>
<string>"r3"</string>
<string>"0.99"</string>
<string>"r4"</string>
<string>"0.81"</string>
<string>"r5"</string>
<string>"0.76"</string>
<string>"r6"</string>
<string>"1.05"</string>
<string>"r7"</string>
<string>"1.23"</string>
<string>"r8"</string>
<string>"1.12"</string>
<string>"velum"</string>
<string>"0.1"</string>
<string>"un"</string>
<string>"microInt"</string>
<string>"0"</string>
<string>"glotVol"</string>
<string>"60"</string>
<string>"aspVol"</string>
<string>"0"</string>
<string>"fricVol"</string>
<string>"0"</string>
<string>"fricPos"</string>
<string>"5.5"</string>
<string>"fricCF"</string>
<string>"2500"</string>
<string>"fricBW"</string>
<string>"500"</string>
<string>"r1"</string>
<string>"0.8"</string>
<string>"r2"</string>
<string>"0.885"</string>
<string>"r3"</string>
<string>"0.99"</string>
<string>"r4"</string>
<string>"0.81"</string>
<string>"r5"</string>
<string>"0.755"</string>
<string>"r6"</string>
<string>"1.045"</string>
<string>"r7"</string>
<string>"1.225"</string>
<string>"r8"</string>
<string>"1.12"</string>
<string>"velum"</string>
<string>"1.5"</string>
<string>"uu"</string>
<string>"microInt"</string>
<string>"0"</string>
<string>"glotVol"</string>
<string>"60"</string>
<string>"aspVol"</string>
<string>"0"</string>
<string>"fricVol"</string>
<string>"0"</string>
<string>"fricPos"</string>
<string>"5.5"</string>
<string>"fricCF"</string>
<string>"2500"</string>
<string>"fricBW"</string>
<string>"500"</string>
<string>"r1"</string>
<string>"0.8"</string>
<string>"r2"</string>
<string>"1.91"</string>
<string>"r3"</string>
<string>"1.44"</string>
<string>"r4"</string>
<string>"0.6"</string>
<string>"r5"</string>
<string>"1.02"</string>
<string>"r6"</string>
<string>"1.33"</string>
<string>"r7"</string>
<string>"1.56"</string>
<string>"r8"</string>
<string>"0.55"</string>
<string>"velum"</string>
<string>"0.1"</string>
<string>"v"</string>
<string>"microInt"</string>
<string>"-1"</string>
<string>"glotVol"</string>
<string>"54"</string>
<string>"aspVol"</string>
<string>"0"</string>
<string>"fricVol"</string>
<string>"0.2"</string>
<string>"fricPos"</string>
<string>"7"</string>
<string>"fricCF"</string>
<string>"3300"</string>
<string>"fricBW"</string>
<string>"1000"</string>
<string>"r1"</string>
<string>"0.8"</string>
<string>"r2"</string>
<string>"0.89"</string>
<string>"r3"</string>
<string>"0.99"</string>
<string>"r4"</string>
<string>"0.81"</string>
<string>"r5"</string>
<string>"0.76"</string>
<string>"r6"</string>
<string>"0.89"</string>
<string>"r7"</string>
<string>"0.84"</string>
<string>"r8"</string>
<string>"0.5"</string>
<string>"velum"</string>
<string>"0.1"</string>
<string>"w"</string>
<string>"microInt"</string>
<string>"0"</string>
<string>"glotVol"</string>
<string>"60"</string>
<string>"aspVol"</string>
<string>"0"</string>
<string>"fricVol"</string>
<string>"0"</string>
<string>"fricPos"</string>
<string>"5.5"</string>
<string>"fricCF"</string>
<string>"2500"</string>
<string>"fricBW"</string>
<string>"500"</string>
<string>"r1"</string>
<string>"0.8"</string>
<string>"r2"</string>
<string>"1.91"</string>
<string>"r3"</string>
<string>"1.44"</string>
<string>"r4"</string>
<string>"0.6"</string>
<string>"r5"</string>
<string>"1.02"</string>
<string>"r6"</string>
<string>"1.33"</string>
<string>"r7"</string>
<string>"1.56"</string>
<string>"r8"</string>
<string>"0.55"</string>
<string>"velum"</string>
<string>"0.1"</string>
<string>"x"</string>
<string>"microInt"</string>
<string>"0"</string>
<string>"glotVol"</string>
<string>"0"</string>
<string>"aspVol"</string>
<string>"0"</string>
<string>"fricVol"</string>
<string>"0.5"</string>
<string>"fricPos"</string>
<string>"2"</string>
<string>"fricCF"</string>
<string>"1770"</string>
<string>"fricBW"</string>
<string>"900"</string>
<string>"r1"</string>
<string>"0.8"</string>
<string>"r2"</string>
<string>"1.7"</string>
<string>"r3"</string>
<string>"1.3"</string>
<string>"r4"</string>
<string>"0.4"</string>
<string>"r5"</string>
<string>"0.99"</string>
<string>"r6"</string>
<string>"1.07"</string>
<string>"r7"</string>
<string>"0.73"</string>
<string>"r8"</string>
<string>"1.49"</string>
<string>"velum"</string>
<string>"0.1"</string>
<string>"y"</string>
<string>"microInt"</string>
<string>"0"</string>
<string>"glotVol"</string>
<string>"60"</string>
<string>"aspVol"</string>
<string>"0"</string>
<string>"fricVol"</string>
<string>"0"</string>
<string>"fricPos"</string>
<string>"5.5"</string>
<string>"fricCF"</string>
<string>"2500"</string>
<string>"fricBW"</string>
<string>"500"</string>
<string>"r1"</string>
<string>"0.8"</string>
<string>"r2"</string>
<string>"1.67"</string>
<string>"r3"</string>
<string>"1.91"</string>
<string>"r4"</string>
<string>"1.99"</string>
<string>"r5"</string>
<string>"0.63"</string>
<string>"r6"</string>
<string>"0.29"</string>
<string>"r7"</string>
<string>"0.58"</string>
<string>"r8"</string>
<string>"1.49"</string>
<string>"velum"</string>
<string>"0.25"</string>
<string>"z"</string>
<string>"microInt"</string>
<string>"-1"</string>
<string>"glotVol"</string>
<string>"54"</string>
<string>"aspVol"</string>
<string>"0"</string>
<string>"fricVol"</string>
<string>"0.8"</string>
<string>"fricPos"</string>
<string>"5.8"</string>
<string>"fricCF"</string>
<string>"5500"</string>
<string>"fricBW"</string>
<string>"500"</string>
<string>"r1"</string>
<string>"0.8"</string>
<string>"r2"</string>
<string>"1.31"</string>
<string>"r3"</string>
<string>"1.49"</string>
<string>"r4"</string>
<string>"1.25"</string>
<string>"r5"</string>
<string>"0.9"</string>
<string>"r6"</string>
<string>"0.2"</string>
<string>"r7"</string>
<string>"0.6"</string>
<string>"r8"</string>
<string>"1.31"</string>
<string>"velum"</string>
<string>"0.1"</string>
<string>"zh"</string>
<string>"microInt"</string>
<string>"-1"</string>
<string>"glotVol"</string>
<string>"54"</string>
<string>"aspVol"</string>
<string>"0"</string>
<string>"fricVol"</string>
<string>"0.4"</string>
<string>"fricPos"</string>
<string>"5.6"</string>
<string>"fricCF"</string>
<string>"2500"</string>
<string>"fricBW"</string>
<string>"2600"</string>
<string>"r1"</string>
<string>"0.8"</string>
<string>"r2"</string>
<string>"1.36"</string>
<string>"r3"</string>
<string>"1.74"</string>
<string>"r4"</string>
<string>"1.87"</string>
<string>"r5"</string>
<string>"0.94"</string>
<string>"r6"</string>
<string>"0.37"</string>
<string>"r7"</string>
<string>"0.79"</string>
<string>"r8"</string>
<string>"0.79"</string>
<string>"velum"</string>
<string>"0.1"</string>
</array>
</plist>
